selected_model,selected_budget,accuracy,avg_cost,avg_latency,p95_latency,n,utility
qwen3-max-2026-01-23,0,1.0,0.0007576,3.7962991199980025,6.047146879998036,5,0.9202860176000399
qwen3-max-2026-01-23,256,1.0,0.00097199999999998,5.4314601599879095,9.400438719993689,5,0.8865107968002419
qwen3-max-2026-01-23,1024,1.0,0.0010728,6.1077351800049655,11.122697140014496,5,0.8724812963999007
qwen3.5-flash-2026-02-23,0,1.0,0.00021427419999998,5.559404579998227,13.485958180000305,5,0.8877405374000356
qwen3.5-flash-2026-02-23,256,1.0,0.00025749639999998,5.505190619995119,10.38688259999617,5,0.8886087056000976
qwen3.5-flash-2026-02-23,1024,1.0,0.00034170219999998,8.157529119990068,17.064432639983714,5,0.8351409066001987
qwen3.5-plus-2026-02-15,0,1.0,0.00071159999999994,9.88633990000235,19.131678100000133,5,0.7987152019999533
qwen3.5-plus-2026-02-15,256,1.0,0.00135479999999992,20.709909640002298,46.05973386000259,5,0.5790278071999544
qwen3.5-plus-2026-02-15,1024,1.0,0.00225767999999996,32.98660148000344,73.79300266001373,5,0.3289795703999313
